"from Loehle, E&E Nov. 2007", 
calendar date,dev. deg C
16,-0.2816707854865774
17,-0.2770498362729557
18,-0.2700799639517902
19,-0.2662561613672845
20,-0.2630970343831579
21,-0.2133706915298506
22,-0.2124612210702856
23,-0.2114313672189304
24,-0.1770449753734501
25,-0.1727982840430017
26,-0.1595283909800111
27,-0.1828374897900971
28,-0.1812723921788841
29,-0.181956802490394
30,-0.2208887486737259
31,-0.1962182488983921
32,-0.1973856200332106
33,-0.1991704170643127
34,-0.1958976811795074
35,-0.1903066506551992
36,-0.2032006678392794
37,-0.1963699629711243
38,-0.1904422866132254
39,-0.1917107812161388
40,-0.05102815201014114
41,-0.05958084642460206
42,-0.06055831554454416
43,-0.06097867030222994
44,-0.06010937727017468
45,-0.04480843082514238
46,-0.039513682205207
47,-0.03541411446770866
48,-0.03383055436014628
49,-0.03010337866228041
50,-0.02042751659331498
51,-0.02971738075308504
52,-0.02463692098297009
53,-0.02207140374159082
54,-0.03398777814520031
55,-0.04131413282500314
56,-0.04675378799741705
57,-0.01154165293267562
58,-0.0154855142968669
59,-0.07066225039717
60,-0.08873773383475143
61,-0.05918355767130877
62,-0.05870572515899327
63,-0.06337074978953556
64,-0.06878579992795885
65,-0.04180461607429456
66,-0.04037490785148294
67,-0.04530456161434772
68,-0.05145575524829996
69,-0.05380854039418919
70,-0.05179833255347547
71,-0.0603937138836481
72,-0.05875003572272906
73,-0.05795405871123414
74,-0.06024621506037173
75,-0.07276713816199127
76,-0.06087372123409113
77,-0.06507265480619124
78,-0.06274350120117551
79,-0.06193472377170836
80,-0.04866137152813463
81,-0.04434893683638927
82,-0.04212009671099711
83,-0.0357838174647592
84,-0.03018507138325425
85,-0.0157106722192
86,-0.009782630599607803
87,-0.003519307715595175
88,0.002427400748354922
89,0.0825006055519229
90,0.06907902533604357
91,0.1169650951970947
92,0.1287823365764055
93,0.1452826791084745
94,0.1565309549705429
95,0.1741033687636467
96,0.1511376374364894
97,0.1762034681574928
98,0.195012245586959
99,0.2135685569454228
100,0.2373407617521103
101,0.24473574607813
102,0.2490116081470951
103,0.2491473704563419
104,0.2502758971021102
105,0.2351818532149627
106,0.1597605517202537
107,0.1554329655133566
108,0.150375494248989
109,0.1473446112701096
110,0.1396329254463548
111,0.136051507821834
112,0.1327724413754258
113,0.1254017517202531
114,0.116490832180023
115,0.1057880878026771
116,0.09437908397125843
117,0.09053138282183272
118,0.08915448007829757
119,0.07614477149873286
120,0.03178781664915288
121,0.04984326840412543
122,0.03772946097707043
123,0.01063623409117052
124,-0.006286179701933014
125,0.0055599225181684
126,-0.04843765275985462
127,-0.06148248034606175
128,-0.06925165321962477
129,-0.08028958425410792
130,-0.09015893291311175
131,-0.08295605643801516
132,-0.08517329781732631
133,-0.0857399644839938
134,-0.08685375758744176
135,-0.03732862773697528
136,-0.0344406967024928
137,-0.03010202675175308
138,-0.02025483162034941
139,-0.01404916659571902
140,-0.0102309847775368
141,0.004214046649596888
142,0.01440116559012601
143,0.02541837248667844
144,0.03885447728305295
145,0.05231186995423863
146,0.05817936676139095
147,0.07386041054357421
148,0.08068350851839634
149,0.08818235909310948
150,0.07504635778116915
151,0.1098304913328634
152,0.119104054551254
153,0.1468582745742273
154,0.1534857387179464
155,0.2290603137447763
156,0.1489659818830438
157,0.1503855362284856
158,0.1514668170166625
159,0.1493559795782394
160,0.1429120229279931
161,0.1415622692334108
162,0.1371164564255298
163,0.1371117522125571
164,0.1364319492568922
165,0.1381084681403075
166,0.1280952131299347
167,0.1261970080691303
168,0.1288406862300494
169,0.1353629631868093
170,0.1505388316891341
171,0.1587629696201685
172,0.1686305511355331
173,0.171795581815829
174,0.1742216901902135
175,0.1788623188554726
176,0.1495967208030844
177,0.146270284021476
178,0.1406118275354329
179,0.1295684422699159
180,0.09389660195311133
181,0.0851538828829433
182,0.06913556791857428
183,0.05905280929788481
184,0.04878844148179239
185,0.03912053648254701
186,0.07862654284437695
187,0.06555492480724219
188,0.05117030942262666
189,0.03454209233416495
190,0.01885774220153875
191,0.007275514084827043
192,-0.0147805305355972
193,-0.03233168627640801
194,-0.04911948468489562
195,-0.07437986868192569
196,-0.09174729840110301
197,-0.1145457068891665
198,-0.1379197121942055
199,-0.1715774756904175
200,-0.2008559902792769
201,-0.2279992263535474
202,-0.2582480269650296
203,-0.2811896715273629
204,-0.3000013426148961
205,-0.3357333198366448
206,-0.3517324988185823
207,-0.3578330735312261
208,-0.3603679133437265
209,-0.3565885619479952
210,-0.400034483146649
211,-0.3737202339923302
212,-0.3640508990169613
213,-0.3545336576376503
214,-0.3461600944192597
215,-0.3389180358012796
216,-0.3293529701198342
217,-0.3230598666715581
218,-0.3185910209860698
219,-0.3051140094918167
220,-0.2962977122832788
221,-0.2777659074215579
222,-0.2641337235135125
223,-0.2539440683410977
224,-0.245102965601731
225,-0.251510104717634
226,-0.2377519318560133
227,-0.2306547157610293
228,-0.2199274430337555
229,-0.2040920198362639
230,-0.1967471922500563
231,-0.1920098120245075
232,-0.1838060502690212
233,-0.1733358308332849
234,-0.1622044752832863
235,-0.1474859352026763
236,-0.1246025671916738
237,-0.1203460131728526
238,-0.1458159372188156
239,-0.1530851679880449
240,-0.1567391568767051
241,-0.2207440120410619
242,-0.231605506293935
243,-0.2355411384778439
244,-0.2380465765665786
245,-0.242387216960668
246,-0.2459362317389927
247,-0.2392847363366937
248,-0.2424755409343945
249,-0.2478711348041265
250,-0.2481366091218626
251,-0.2520353160184138
252,-0.2565617767463834
253,-0.2488042165934741
254,-0.2480930096969221
255,-0.2510293722448149
256,-0.23118930489161
257,-0.2279966071228476
258,-0.2252420432283236
259,-0.2167234343719684
260,-0.2113542660149706
261,-0.2081068015119277
262,-0.2065895601326166
263,-0.196765386365579
264,-0.196548347826025
265,-0.2145919725570084
266,-0.2079246708748596
267,-0.2034785501852045
268,-0.1827031069852745
269,-0.1669313228973173
270,-0.08853076671139259
271,-0.1164123470056087
272,-0.103663079896428
273,-0.1017002151749419
274,-0.09683284116963722
275,-0.09018466846111948
276,-0.07668134709600137
277,-0.07482913034723254
278,-0.07358282492851429
279,-0.0650621972586184
280,-0.05839102736251117
281,-0.057377764763042
282,-0.04828998786687394
283,-0.05024224250878254
284,-0.05474622128862331
285,-0.05276659170719032
286,-0.07329486172225149
287,-0.08145931795567293
288,-0.08194923601629806
289,-0.08558643023969911
290,-0.09001879098240421
291,-0.09253605087810117
292,-0.09556906001455907
293,-0.09122570605051591
294,-0.09505329225741193
295,-0.08847383608806339
296,-0.09209039960117904
297,-0.09280127493274432
298,-0.09181587822100092
299,-0.08952337761815518
300,-0.05563380849567448
301,-0.07207301529818933
302,-0.07075929453619203
303,-0.06956324920221543
304,-0.07443287911760088
305,-0.07463832974399434
306,-0.07549151678683659
307,-0.07618404552246867
308,-0.07431931682246789
309,-0.06656461462811097
310,-0.0655330054327083
311,-0.07535320552293828
312,-0.07183152318229121
313,-0.06728554617079625
314,-0.06647566935642884
315,-0.0358592826099308
316,-0.03283819398069172
317,-0.03169067262520565
318,-0.02697479915698117
319,-0.03224209181375586
320,-0.02805176693010937
321,-0.02133912325194768
322,-0.01461211175769665
323,-0.02174665990059055
324,-0.01861447599254338
325,-0.01342847808240754
326,0.001814362782702156
327,0.0003778644942404063
328,0.00384953075901148
329,0.009170485666172029
330,0.03383116893534769
331,-0.0124787830664415
332,-0.01294040190737064
333,-0.01565785378240525
334,-0.004703509276335842
335,-0.002652307604445142
336,-0.01242096756589714
337,-0.008209144905798873
338,-0.003446734902009267
339,-0.001881558698901354
340,0.01689868440439881
341,0.02588031503761212
342,0.0276054476636066
343,0.03147169651698811
344,0.03306867927560967
345,0.03733282604837585
346,0.03684628330294732
347,0.03621266261329135
348,0.05340327358882473
349,0.05193434115319305
350,0.0542524667058005
351,0.0543007425678695
352,0.05553478718207365
353,0.1018266089805409
354,0.1008269879119543
355,0.0953118543596147
356,0.1664900228935304
357,0.1644961568457852
358,0.1606729046669292
359,0.1595471689159276
360,0.2119696533740346
361,0.2101527723642031
362,0.2008947852950702
363,0.1961399302363358
364,0.1913405981029515
365,0.2119956025473507
366,0.1902495983802926
367,0.1875901156216712
368,0.1833960154399139
369,0.1812473085433624
370,0.1832438780957658
371,0.1811157992780327
372,0.176496282490447
373,0.1703814572500061
374,0.1657524401259147
375,0.1610330280087851
376,0.1574556177343301
377,0.1512744073191303
378,0.143105722819881
379,0.1340654929348238
380,0.1268873320152836
381,0.118504991199074
382,0.06341716125520514
383,0.05671070679012962
384,-0.03432577353867844
385,-0.1407613315355796
386,-0.1444128602501485
387,-0.1457764020927179
388,-0.1520522641616834
389,-0.1587246779547873
390,-0.188759870673988
391,-0.1826569778316636
392,-0.1942119567197699
393,-0.1963119156688665
394,-0.2035695595028984
395,-0.2148687676149667
396,-0.2149624166457551
397,-0.2191302693749425
398,-0.2208396289808544
399,-0.2205643826754347
400,-0.2185725628900901
401,-0.2168769553367241
402,-0.2161586611224871
403,-0.2118524274221105
404,-0.2083126555272177
405,-0.2040823056286374
406,-0.1990499780424311
407,-0.1968448777473201
408,-0.1896330550872225
409,-0.1846610179965234
410,-0.1758292630200461
411,-0.168871877479623
412,-0.1627952149180454
413,-0.1560553791012173
414,-0.07159997779157026
415,-0.05605412927000265
416,-0.04490642025634461
417,-0.0384613372422951
418,-0.0231797280468932
419,-0.02131191610054898
420,-0.002231344192605395
421,0.001705344060219775
422,0.01347097023406275
423,0.02344442632730861
424,0.03103510321108999
425,0.05511049230178734
426,0.0426262194388288
427,0.05051734332133264
428,0.05842579260546188
429,0.05682074939190971
430,0.06110214012928878
431,0.06284609052251286
432,0.06451125762899361
433,0.06789147541483772
434,0.066523961803222
435,0.06676987831864887
436,0.07038800942734527
437,0.07511955812668025
438,0.07980059260943846
439,0.08238461052896375
440,0.08812886340252719
441,0.08748153944432947
442,0.04297679669150803
443,0.04478221541071952
444,0.04724838082425323
445,0.04630329775386417
446,0.0406597780350269
447,0.03661414671534802
448,0.03556248595777711
449,0.03299118702078007
450,0.04139288409657133
451,-0.0005447558907446684
452,-0.002999643108789751
453,-0.007352637664143671
454,-0.004910519437541964
455,0.002692492182486495
456,-0.005913861560306757
457,-0.00982272855538091
458,-0.01542514724597697
459,-0.01887361755969123
460,-0.02497013039349983
461,-0.03189083775673529
462,-0.03317778356954262
463,-0.03928155593148247
464,-0.04220297331172631
465,-0.03652318475411963
466,-0.04085728437097805
467,-0.04604639507878183
468,-0.05201868401856427
469,-0.05808777052794087
470,-0.07019243238442238
471,-0.03643602638573394
472,0.0004838089936775987
473,-0.001193387877175711
474,0.002716148028571696
475,0.009419172831959402
476,-0.003242823530847843
477,-0.0007483608562790511
478,-0.0004188463372225281
479,-0.006220343614899009
480,0.02656269833475423
481,-0.02896349558023711
482,-0.03631119672966301
483,-0.04210219596694162
484,-0.04638316239162496
485,-0.04861312752015688
486,-0.046310113389809
487,-0.04851907700416371
488,-0.04831218045243988
489,-0.04636435831087917
490,-0.04389344746421933
491,-0.03781918854105043
492,-0.03523668702864814
493,-0.03227271221744076
494,-0.02789578390528192
495,-0.03824127990032168
496,-0.0352749291243661
497,-0.03259340731217395
498,-0.03245777512826487
499,-0.03498651076044905
500,-0.07561882623536878
501,-0.08406124228224744
502,-0.0964316557273946
503,-0.1052168020957648
504,-0.1181119495446647
505,-0.1157138569893751
506,-0.1206851343904402
507,-0.1244167097792158
508,-0.1204310775953086
509,-0.1227773772920792
510,-0.05090212944230019
511,-0.08803705443880033
512,-0.0440338568355031
513,-0.03238664198139194
514,-0.021835385935207
515,-0.01556144800258794
516,0.000383700746565907
517,0.003422029008904897
518,0.009669366737099494
519,0.01011089165258361
520,0.008502372382807441
521,0.002472960618101344
522,-0.0001611666451170612
523,-0.004707143656609902
524,-0.0210182068750009
525,-0.0285807521759587
526,-0.02465838974706169
527,-0.02865286366394949
528,-0.02713275204838848
529,-0.02866104559392415
530,-0.02656047088128029
531,-0.02844353896262386
532,-0.02394654402889281
533,-0.01974893129679649
534,-0.01463222042146406
535,-0.008322152098785409
536,-0.0008254677486536973
537,0.003197741800417448
538,0.01252293711301693
539,0.02014406885483867
540,0.08022455545160139
541,0.06832217665884377
542,0.0410220296060741
543,0.0408177855742442
544,0.0400158788899823
545,0.03518248240141404
546,0.03239342088821421
547,0.03185744862843131
548,0.02838151077318249
549,0.02766229895052225
550,0.03259371236469402
551,0.03976443168134853
552,0.04520714988268775
553,0.05875003228763957
554,0.06943239092968196
555,0.07308741430157003
556,0.07806333110507365
557,0.0858783048365241
558,0.09537803116383732
559,0.09685736887593277
560,0.103997853748778
561,0.1072765893809617
562,0.110632911220041
563,0.1094958012036209
564,0.114329457292702
565,0.1124858296559704
566,0.1118722569297521
567,0.1101670629725554
568,0.1133578278726802
569,0.1133739595242795
570,0.1445274258550722
571,0.1722934810235058
572,0.1787398913770784
573,0.183556521017741
574,0.1610252734679706
575,0.1664721418705033
576,0.151793846607809
577,0.1590021073126215
578,0.1612069828968074
579,0.1623830091693858
580,0.1632777720135237
581,0.1651248100329741
582,0.1640075686536637
583,0.1671211692588622
584,0.1669510543163341
585,0.1691845644843273
586,0.2427141537382338
587,0.2460309640830622
588,0.2483670051971202
589,0.2521029893873136
590,0.2534869692723718
591,0.2599569350106566
592,0.2651761203523599
593,0.2737096084160203
594,0.2751815911746408
595,0.2809999764531551
596,0.2923088259593018
597,0.2909942665723285
598,0.2909685960742443
599,0.2882793485143213
600,0.2731287305647276
601,0.265026474951103
602,0.2619708240491489
603,0.2630850002943597
604,0.2877541154566187
605,0.3378082665216686
606,0.3057665579607648
607,0.3055941441676604
608,0.3071943083712738
609,0.3112003497164705
610,0.3181665386999005
611,0.321355522130263
612,0.3335358126826027
613,0.3438707880520606
614,0.357474236327923
615,0.2949035419035832
616,0.3100488678420128
617,0.3170382577624377
618,0.3405293074209261
619,0.3378537588315851
620,0.3311582818947291
621,0.3205859066672662
622,0.3115613507633999
623,0.3002833988302751
624,0.2905970020897581
625,0.2793117356320779
626,0.2689740969930303
627,0.2634522579125701
628,0.2616835647336052
629,0.257324944043949
630,0.2573365618699826
631,0.260228260788975
632,0.2562834332027685
633,0.290053654162195
634,0.2928542420901047
635,0.3138587807180329
636,0.2925413502405745
637,0.2862853196811991
638,0.2845923337877818
639,0.2780837130981268
640,0.2776534623144286
641,0.2515782338236481
642,0.2371684975153313
643,0.2213665428776771
644,0.2053666204764598
645,0.1873382229105373
646,0.1752720233899761
647,0.166738347636021
648,0.1372237934394197
649,0.1342122338782917
650,0.1351652384104032
651,0.1422665315138514
652,0.1494801330464186
653,0.1564644741834866
654,0.1665312845283145
655,0.1735602113336478
656,0.1804348565924984
657,0.1893819830292805
658,0.1961064493675404
659,0.2029406037189358
660,0.1919836805242111
661,0.2152520144535177
662,0.1698464385944727
663,0.1666552484397217
664,0.170202046469278
665,0.1724514934368739
666,0.1480709391928189
667,0.1502113332814885
668,0.1467021847945073
669,0.2033601624039941
670,0.2188168054844575
671,0.2207989776636743
672,0.2305477461365809
673,0.2320068165506376
674,0.2437900677821648
675,0.2515504477962398
676,0.2570688026835897
677,0.2673988519446738
678,0.2797707731269394
679,0.3000033017860514
680,0.3687925983571411
681,0.3526740638743823
682,0.3497832808759507
683,0.3461324188069853
684,0.3373673326000888
685,0.326042790412158
686,0.3137932693393615
687,0.3015281831324642
688,0.288478315365655
689,0.2723166774346199
690,0.2495349111154331
691,0.2661550395035861
692,0.2547616982186714
693,0.248016008563499
694,0.2423069568393614
695,0.2704940609401917
696,0.205060669581603
697,0.2031037730298783
698,0.2035417809533463
699,0.1874685050912779
700,0.1913087230031545
701,0.1936249076042559
702,0.2004805110525315
703,0.2037685258992753
704,0.2109883534854825
705,0.217115954412253
706,0.2331562099541241
707,0.230326468574814
708,0.2247651532022926
709,0.1288519642177919
710,0.1270219149567077
711,0.09695188983317104
712,0.09668929036367583
713,0.09845321609311867
714,0.1030335909813148
715,0.1125725261840425
716,0.1256317342173879
717,0.1427135172993516
718,0.1595411035062487
719,0.1690490610659312
720,0.1436587472051891
721,0.1794493643903338
722,0.1967762874672574
723,0.2085296031171236
724,0.2187036201474956
725,0.2742200796143594
726,0.282088286099475
727,0.2876207484417158
728,0.2890246893284161
729,0.2872831047635557
730,0.2858750607300165
731,0.277448952355632
732,0.2723667821312206
733,0.2633275478911971
734,0.2544285331128722
735,0.2324232649136378
736,0.2249498795824942
737,0.2249505478594651
738,0.2254948828348343
739,0.2138522993646647
740,0.2127344159714387
741,0.1938417767457562
742,0.1834931177419238
743,0.1798836681589356
744,0.1780009095382452
745,0.1710589555152575
746,0.1737492569019747
747,0.1673745442582964
748,0.1642573028789858
749,0.158813624718067
750,0.1327704780865991
751,0.1320162439025496
752,0.1254297815781565
753,0.1200711310286161
754,0.1172182574653983
755,0.08594288406602176
756,0.06066978643245831
757,0.05808604259009346
758,0.05617717559501969
759,0.05403753643404522
760,0.05700551672961097
761,0.05790206845374851
762,0.05271170926072703
763,0.05584471418683562
764,0.05810087182230427
765,0.06332666156097285
766,0.06822091443453598
767,0.07198413282534015
768,0.07809677650350169
769,0.08291496200260811
770,0.0965172622441737
771,0.1012734198796414
772,0.1215714772866478
773,0.1981272394003682
774,0.2055134462969201
775,0.2137114153075971
776,0.2289735481300744
777,0.2361068814634076
778,0.244045558877661
779,0.2524212932327056
780,0.2329968271429442
781,0.1958251111334203
782,0.2002755768521943
783,0.2041903841544257
784,0.201299917622985
785,0.2216941493320864
786,0.1998679458428639
787,0.195395329210004
788,0.194438983545907
789,0.1890175276072094
790,0.1850722943414885
791,0.1805968245486106
792,0.1793755038364178
793,0.1738521772644097
794,0.17637868064017
795,0.1732662162218462
796,0.1676595351873629
797,0.1617888455321914
798,0.1644492126083763
799,0.1666884367463074
800,0.1633651608842385
801,0.1635992781318675
802,0.09286146136185138
803,0.09124766825840302
804,0.09292465675748265
805,0.08906734969672823
806,0.09121316250460906
807,0.09042888894805706
808,0.08895532572966619
809,0.1025218071736815
810,0.2001408896142523
811,0.1524245501946387
812,0.1610033679286282
813,0.1698654368941462
814,0.1776923721158206
815,0.2371351984809923
816,0.2132700201320045
817,0.2240807406396964
818,0.2330356478015001
819,0.2419145160596782
820,0.2682910179286861
821,0.2708181115247453
822,0.2729305909992939
823,0.2775006354655507
824,0.2757124581256486
825,0.2759238702767155
826,0.2503936325400874
827,0.2461405709779035
828,0.2373566629319259
829,0.2372110690621937
830,0.241093467837251
831,0.2402605176456804
832,0.2421773758832287
833,0.2467802468455282
834,0.24847909742024
835,0.2536240892100596
836,0.2752705386988608
837,0.2831441019172514
838,0.2895854812275962
839,0.2966721920507001
840,0.3410689292279495
841,0.3040465248583613
842,0.3261318312918088
843,0.3325387278435336
844,0.3394122910619245
845,0.3886784611734339
846,0.3556127917767516
847,0.3566633664893956
848,0.35794382625951
849,0.3643647535390884
850,0.3677514530464783
851,0.3710021567762457
852,0.3926951149430825
853,0.3994586617411114
854,0.3773939813691011
855,0.4271583075396515
856,0.4198071314020233
857,0.4338646026663917
858,0.442007131402024
859,0.4562491506138476
860,0.4621529272969336
861,0.4642678698256692
862,0.4684123758726971
863,0.4669870885163744
864,0.4632399620795927
865,0.4632753844889694
866,0.551017657418221
867,0.5431448125906345
868,0.5367454566599232
869,0.5252680859702683
870,0.5814215268368331
871,0.5013936864461027
872,0.4809982841472518
873,0.4656396634575976
874,0.4531385140323098
875,0.407999327385236
876,0.3990946167941027
877,0.3904006512768609
878,0.3916254170866667
879,0.3905090377763222
880,0.3871070981211504
881,0.3925721505091894
882,0.4001023229229823
883,0.4086324953367753
884,0.4547070426972327
885,0.4845708327193053
886,0.4961053154779266
887,0.5021693687032965
888,0.5096102554028045
889,0.5098294672254648
890,0.5191890731367947
891,0.5197550862790358
892,0.5182698646041589
893,0.5191738054908584
894,0.5102290370215223
895,0.4552985952631523
896,0.4718487590029977
897,0.4666088995283673
898,0.4875005251441295
899,0.4826798003024693
900,0.5421651340022608
901,0.4748256694557064
902,0.4715385477104568
903,0.465856281700604
904,0.4555562853071315
905,0.4728195975285717
906,0.4495005591039507
907,0.4330647756086621
908,0.4245176491718809
909,0.4132411302884657
910,0.3888830631106824
911,0.374752028627924
912,0.3547503865917991
913,0.3759020071225512
914,0.3530895071225521
915,0.3319404923442257
916,0.3085831894799865
917,0.292074568790332
918,0.2765637929282626
919,0.2600203063179951
920,0.2492121166628227
921,0.240186716416517
922,0.2361647028697188
923,0.222970188140624
924,0.2164529467613133
925,0.1931369565372534
926,0.160686462065013
927,0.1590509940847174
928,0.1240395208109718
929,0.1233712640785912
930,0.1689135886462444
931,0.1761145380460036
932,0.1798588366124111
933,0.1901506138007408
934,0.2011612238803159
935,0.2735571757454211
936,0.3086241994840339
937,0.3157920155759876
938,0.3248081075300099
939,0.3293642812936067
940,0.3343550858913073
941,0.3261697156831993
942,0.2825929331265724
943,0.293392933126572
944,0.3026389101380661
945,0.3063627513827355
946,0.3198938953345681
947,0.328608837863305
948,0.3357013559016949
949,0.3431594839805131
950,0.3530609618130258
951,0.3826103871003818
952,0.3875161289591339
953,0.3954678530970653
954,0.4056310714878694
955,0.386091139733059
956,0.3841110083701695
957,0.3974857210138481
958,0.4055973027959172
959,0.4202069908090529
960,0.520712005092067
961,0.5119120522000105
962,0.5202367135300597
963,0.5216936100817833
964,0.5195565958843694
965,0.41311842614211
966,0.4112861190813542
967,0.4095274983916991
968,0.4009695697011817
969,0.3980490031987187
970,0.4188447167124591
971,0.4093356618465587
972,0.4102512611897442
973,0.407904134752963
974,0.4065466905110095
975,0.4018862635816168
976,0.4085260008558367
977,0.4107096611897447
978,0.4119188565920434
979,0.4151313360665927
980,0.4065443628865158
981,0.4232659616495148
982,0.4301291800403189
983,0.4331130880862954
984,0.4370138736035364
985,0.4837466902463446
986,0.4749779647189995
987,0.4748137701188684
988,0.471585653407992
989,0.3717043242275142
990,0.3690173508023156
991,0.3593880404574877
992,0.3579886151701319
993,0.3648942742409244
994,0.3713138144708091
995,0.4650758272647896
996,0.4728734034985329
997,0.4768451903323878
998,0.4793781056928892
999,0.4352213878782654
1000,0.4418397348418175
1001,0.4334277206108393
1002,0.4312869160131376
1003,0.4323323504014999
1004,0.430714534309547
1005,0.4229836913976684
1006,0.4389682069404563
1007,0.4394854483197683
1008,0.4376480098961225
1009,0.4383272171972311
1010,0.3913876654215227
1011,0.4079205608785551
1012,0.4039918252463722
1013,0.4043562233251071
1014,0.4031286371182105
1015,0.4115512972167333
1016,0.4209642979600664
1017,0.420591884166963
1018,0.4277443745884187
1019,0.4321163446060043
1020,0.4155073580954117
1021,0.4201062907719311
1022,0.425672178736828
1023,0.4241527821851029
1024,0.4247885580471724
1025,0.4327517985869721
1026,0.4261778043340981
1027,0.4244364250237535
1028,0.4558638809911066
1029,0.452353002801682
1030,0.4677269491618352
1031,0.4507384434147077
1032,0.4480777703834433
1033,0.4442800692340181
1034,0.4395743221075813
1035,0.4248115233526773
1036,0.3686604230480059
1037,0.3631707678755909
1038,0.3578817759785805
1039,0.3529720879654436
1040,0.3616060935681798
1041,0.3373719674024858
1042,0.3323604731496117
1043,0.3240748683329722
1044,0.2625360623998072
1045,0.2473171524028711
1046,0.2416370415654321
1047,0.2347189381171568
1048,0.2280248576049808
1049,0.2234063231222211
1050,0.219823680700284
1051,0.2306414864977552
1052,0.2258782681069499
1053,0.2203758103174668
1054,0.2157287207362165
1055,0.2137430885523086
1056,0.2083118488150341
1057,0.2061631419184821
1058,0.2029059229560899
1059,0.2012753810841684
1060,0.2076094328083069
1061,0.2005122790737167
1062,0.2021760721771644
1063,0.2044282273495786
1064,0.2011970270302904
1065,0.2011200514286191
1066,0.1827248448980312
1067,0.178399617335424
1068,0.1839391732466157
1069,0.1824523578307943
1070,0.1862044582145439
1071,0.1865019746349047
1072,0.1854188465560869
1073,0.1782160485162162
1074,0.2267840949031189
1075,0.2261969027848926
1076,0.2184494173044347
1077,0.2138401442236161
1078,0.2164392821546505
1079,0.2156072316620391
1080,0.2031713886879936
1081,0.2128394921362697
1082,0.2200533218171211
1083,0.2146868447497819
1084,0.2164201780831152
1085,0.1716592053151967
1086,0.1637555140477855
1087,0.168311548530544
1088,0.1737970780871953
1089,0.1747216470527127
1090,0.171355442214854
1091,0.1664273839225715
1092,0.1626345883560685
1093,0.1553297301726626
1094,0.1612466248740816
1095,0.1705191413721266
1096,0.156724343136214
1097,0.1540913382101053
1098,0.134329652680751
1099,0.1298144553786671
1100,0.05187103680615901
1101,0.04824542104261265
1102,0.03875878325714479
1103,0.03747940253934004
1104,0.03127496904180373
1105,0.02566374883103459
1106,0.04517303715337985
1107,0.04018781547850382
1108,0.03594115819490049
1109,0.02874806735857038
1110,0.02267581776907904
1111,-0.01605905204091382
1112,-0.01994332956031885
1113,0.05464094816360877
1114,0.04975589069234451
1115,0.1003763999826704
1116,0.07664815600856389
1117,0.07560907554879324
1118,0.07719901031178212
1119,0.0843003239406818
1120,0.06641838633805387
1121,0.07433103001621481
1122,0.08589634875610026
1123,0.09983001049665815
1124,0.109282884059877
1125,0.1172390525886289
1126,0.1195968522602211
1127,0.1244911051337839
1128,0.125585889352733
1129,0.1933116564228024
1130,0.1744971160633281
1131,0.1723269188264482
1132,0.1658481010924578
1133,0.1629653424717682
1134,0.1591801530749868
1135,0.139289031558244
1136,0.178715462820756
1137,0.174474083510411
1138,0.1714986608088027
1139,0.1723073636002642
1140,0.1922616672067748
1141,0.1483093522135789
1142,0.1426865073859928
1143,0.07042057347162264
1144,0.06611246698449606
1145,0.07833698885965097
1146,0.08697957705954531
1147,0.0822103726579291
1148,0.07271114236236334
1149,0.06323700443132837
1150,0.05441010510148011
1151,0.0428910164315288
1152,0.02786607800788336
1153,0.01864840559409028
1154,0.01461389939753837
1155,-0.008876487488123096
1156,-0.01779862762986345
1157,-0.002045535531779296
1158,-0.003637489554767493
1159,0.001038864766052739
1160,0.0071490998833663
1161,0.007800215502028366
1162,0.009155185076064364
1163,0.01084238894252277
1164,0.01229674999728949
1165,0.01271257149830359
1166,0.02401987372954117
1167,0.02632890426361809
1168,0.02177384775825743
1169,0.02179818852904804
1170,0.04221073687556408
1171,0.0387188909320331
1172,0.03574521482365915
1173,0.03637184274337936
1174,0.03579641170889687
1175,0.007664661487292945
1176,0.008533984479370449
1177,-0.001165522909791645
1178,-0.003677838180727421
1179,-0.008133749156590026
1180,-0.01233483993772989
1181,-0.01667474141556217
1182,-0.01398206295201534
1183,-0.05690746055309015
1184,-0.05988677089791803
1185,-0.04188085895469306
1186,-0.0456083499903697
1187,-0.05726086988426817
1188,-0.06533267738711068
1189,-0.06495899700190827
1190,-0.06679188824859143
1191,-0.0690067423599973
1192,-0.06475674536105903
1193,-0.06361350928678864
1194,-0.06159228912763738
1195,-0.07246988092878835
1196,-0.05386048012182555
1197,-0.04921450311033197
1198,-0.04316162954711281
1199,-0.02984768191389394
1200,-0.02520054728675637
1201,-0.0151281416840098
1202,-0.006422367119066334
1203,0.001379931731507559
1204,0.01090866736369244
1205,0.01697696557929122
1206,0.02369125129357642
1207,0.01270964209817452
1208,0.01769205253268946
1209,0.02646742199081777
1210,0.03617546796783025
1211,0.04233447031369198
1212,0.09018724721313212
1213,0.09575779612235099
1214,0.1093563182898384
1215,0.1141117855910525
1216,0.1170851668553612
1217,0.1205173507634083
1218,0.1221743584579724
1219,0.1325449660113381
1220,-0.05575993625923758
1221,-0.05921006320201759
1222,-0.06102086985226341
1223,-0.05085769251236267
1224,-0.07778094068757805
1225,-0.08407084892673658
1226,-0.07640779473954487
1227,-0.07789154585287744
1228,-0.07633292516322304
1229,-0.07369844240460271
1230,-0.08811278011370972
1231,-0.0305601732947167
1232,-0.01952569053609691
1233,-0.01565442616828038
1234,-0.01693836608276293
1235,-0.006449039317573878
1236,0.03081863143677565
1237,0.02951942557373651
1238,0.03653174084467295
1239,0.03779636522890975
1240,0.03584761505746507
1241,0.03580384054090079
1242,0.04598770029169783
1243,0.04255536183907572
1244,0.04983406821595211
1245,0.05959274353092424
1246,0.08649868564915097
1247,0.09499966376078805
1248,0.1054370098199008
1249,0.3060965853430444
1250,0.3121270763808604
1251,0.3169684556912051
1252,0.3157044162823384
1253,0.3038173855577571
1254,0.3282932476267225
1255,0.3212842164280362
1256,0.1275117354697314
1257,0.1220397527111118
1258,0.1139233734007668
1259,0.1080386501689783
1260,0.02865214180219725
1261,0.07221537430690988
1262,0.04745655690869974
1263,0.0362127258915659
1264,0.02686574313294527
1265,-0.01704589479808872
1266,-0.01373099717853
1267,-0.02432734606291151
1268,-0.04153807403226032
1269,-0.04848969221532336
1270,-0.06400521177188539
1271,-0.07680765430062019
1272,-0.08628788392608721
1273,-0.09518228047781107
1274,-0.1021348666847076
1275,-0.1156790477191895
1276,-0.1097201019734201
1277,-0.1155943413243321
1278,-0.1190229127529044
1279,-0.1192044479262607
1280,-0.1152713850459357
1281,-0.1141719935652054
1282,-0.104675680134388
1283,-0.1011404729480653
1284,-0.103203353272609
1285,0.05201165228195352
1286,0.04863201352990112
1287,0.04382511697817673
1288,0.04084807966678095
1289,0.04027993516760188
1290,-0.02017605959739679
1291,0.007926253246346765
1292,0.01825689124775386
1293,0.1024127719052835
1294,0.1111070247788462
1295,0.11219308883126
1296,0.1134299467806326
1297,0.1260801930860514
1298,0.110813397858536
1299,0.1246766162493407
1300,0.1387030530309497
1301,0.143147846302214
1302,0.1524489957275013
1303,0.1595556368513833
1304,0.1590671000317892
1305,0.1413428950904569
1306,0.1204021543497158
1307,0.1146153995620319
1308,0.109526374308519
1309,0.1024413168372546
1310,0.09512386156714014
1311,0.08921811444070243
1312,0.08048822938323156
1313,0.07529815242346123
1314,0.07266463685912512
1315,0.07497638653984078
1316,0.1054338830706834
1317,0.10669896927758
1318,0.1098164261741316
1319,0.1128687588834704
1320,0.1119513842011042
1321,0.07418357618323155
1322,0.0005454543649408893
1323,-0.002003076924970111
1324,-0.00218071619076818
1325,-0.004855504100270206
1326,-0.01874796897894225
1327,-0.02018670086509718
1328,-0.02032483427735852
1329,-0.02462488217007823
1330,0.00158761121482658
1331,-0.004206489225222918
1332,-0.01295350297325075
1333,-0.01958174436011185
1334,-0.02541566019725471
1335,-0.01230105573477976
1336,-0.02581755148632309
1337,-0.03362957311465276
1338,-0.04666416856202781
1339,-0.05879045856002167
1340,-0.06489974544221656
1341,-0.07104707759197824
1342,-0.07859085255785726
1343,-0.08209340701060309
1344,-0.0877485794243963
1345,-0.09636037363065413
1346,-0.09542489828533661
1347,-0.09406857644625644
1348,-0.09299056212831291
1349,-0.08807325179438328
1350,-0.06574947146271441
1351,-0.07817254244610724
1352,-0.05100846456330566
1353,-0.05168662548284659
1354,-0.04852496560489827
1355,-0.04705206158516708
1356,-0.02047585894574586
1357,-0.02908053847888761
1358,-0.02818481959504747
1359,-0.04491283735398882
1360,-0.05550634553125546
1361,-0.04687037942188156
1362,-0.03896488772328572
1363,-0.02590615696956997
1364,-0.01520344404808874
1365,-0.007577645836083283
1366,0.08058454628188807
1367,0.08931696978425934
1368,0.1033064333857918
1369,0.1187089156465917
1370,0.1422051809018308
1371,0.1573293188328652
1372,0.1712168034536825
1373,0.1776614547234401
1374,0.1762246731142446
1375,0.1120966539861531
1376,0.09896681066105718
1377,0.1010443968679539
1378,0.1002236683539693
1379,0.09786432459575512
1380,0.1274010604244754
1381,0.1383822061892184
1382,0.1329216808683128
1383,0.1309918437035619
1384,0.1314239321904153
1385,0.1099243790811632
1386,0.132181978808926
1387,0.1317445385646967
1388,0.1350220132000657
1389,0.1383117042920198
1390,0.1384722113000903
1391,0.1455491194705397
1392,0.1804712938000421
1393,0.1822602482823692
1394,0.16987013444399
1395,0.1071833865615301
1396,0.1111297683175647
1397,0.116340700876593
1398,0.1167501836352141
1399,0.1332043896959181
1400,0.134012579351091
1401,0.09267839975643202
1402,0.09272738864056585
1403,0.08141907221054488
1404,0.09794324876356612
1405,0.08705686185602647
1406,0.07355900294234565
1407,0.06603973316546905
1408,0.06231320738769152
1409,0.05213560991191931
1410,0.03221250795716876
1411,-0.00002653123621216377
1412,-0.005556308600137884
1413,-0.01028247492873924
1414,-0.01115221795390497
1415,-0.03517006305534936
1416,0.007900600476521
1417,0.003777010780819326
1418,-0.002870520567142872
1419,-0.006263703250403426
1420,-0.01158334593136689
1421,-0.01049047759280931
1422,-0.02031490544476127
1423,-0.02340645905125209
1424,-0.02533477671060381
1425,-0.03420186135010241
1426,-0.02026798749426558
1427,-0.03479097600001321
1428,-0.05962796659562416
1429,-0.07862757474609438
1430,-0.06177806856084833
1431,-0.07587867810456085
1432,-0.0992478700237523
1433,-0.113706737651052
1434,-0.1399544039694075
1435,-0.1333958355263573
1436,-0.03630999216791332
1437,-0.05277747624792343
1438,-0.06521959680696194
1439,-0.07730205547616537
1440,-0.0691108323540279
1441,-0.116745486739062
1442,-0.1312473702510876
1443,-0.1448220389900568
1444,-0.1649771797415775
1445,-0.1731983672761536
1446,-0.2100418425973158
1447,-0.2258207472626306
1448,-0.2543753794489895
1449,-0.2702467606033321
1450,-0.291338868292803
1451,-0.3162102795288483
1452,-0.3307457764862517
1453,-0.3470759442900504
1454,-0.3581272023063188
1455,-0.4088374079828542
1456,-0.3881568510595583
1457,-0.3979600964956624
1458,-0.4008518723860296
1459,-0.3838022786827742
1460,-0.3867560528779283
1461,-0.3846717616901888
1462,-0.37339367722192
1463,-0.3683382232569833
1464,-0.3651139837353298
1465,-0.4725495879026199
1466,-0.4690796486654446
1467,-0.4716820827425238
1468,-0.4720225220530451
1469,-0.4663286479048567
1470,-0.5055286024786465
1471,-0.534460800863172
1472,-0.5346846397355918
1473,-0.5275657621155772
1474,-0.5303183626252774
1475,-0.5367006505537103
1476,-0.5329102382048611
1477,-0.5147550189018403
1478,-0.5279266655445834
1479,-0.5298767227557957
1480,-0.5117117738972714
1481,-0.5056313011246064
1482,-0.5022722747554377
1483,-0.4945065676768503
1484,-0.474902192728328
1485,-0.5053833512195299
1486,-0.498210509154986
1487,-0.4708542003574618
1488,-0.4902484182660976
1489,-0.4708949699902351
1490,-0.4396662343580512
1491,-0.3986453960466533
1492,-0.3070362006443547
1493,-0.3187744451584613
1494,-0.3231930729103825
1495,-0.3139955083661681
1496,-0.3070751321906195
1497,-0.3040038678228039
1498,-0.2948366796036123
1499,-0.2915968676913859
1500,-0.07738501303296266
1501,-0.06534885091921351
1502,-0.05970888648971786
1503,-0.05322310502979796
1504,-0.04643425594784492
1505,-0.08310706948322579
1506,-0.005808053040023031
1507,-0.03565556261856565
1508,-0.04079119480247436
1509,-0.05373885016368044
1510,-0.06416413752000357
1511,-0.07504919499126701
1512,-0.09344079765280537
1513,-0.1027446934587012
1514,-0.204999011171639
1515,-0.2109171072518045
1516,-0.2275594168761269
1517,-0.2341433249221039
1518,-0.2473514593164456
1519,-0.2581836432244914
1520,-0.3149790418580094
1521,-0.3229453253829131
1522,-0.4085122284426829
1523,-0.4032899193195624
1524,-0.3918163055769829
1525,-0.3693042732032401
1526,-0.3222268764620506
1527,-0.321362867430591
1528,-0.3244802667307626
1529,-0.3184156115583489
1530,-0.3197154884056394
1531,-0.3176944927159836
1532,-0.3084612209590054
1533,-0.3027129656223879
1534,-0.3016229454185354
1535,-0.3097453636272159
1536,-0.291175577091912
1537,-0.2795969693142362
1538,-0.2656245420982971
1539,-0.2549259470678977
1540,-0.2402781090821297
1541,-0.2220555748974364
1542,-0.2172335492430883
1543,-0.2043893374204283
1544,-0.1855647274040084
1545,-0.1924916873485378
1546,-0.1883212234733327
1547,-0.1820415641958288
1548,-0.1815573676843697
1549,-0.1804050553513393
1550,-0.1689889018209607
1551,-0.1796867218209823
1552,-0.1760513564679442
1553,-0.1726679410328041
1554,-0.1891852821522979
1555,-0.2215121941984123
1556,-0.3373527994060125
1557,-0.3312058297085465
1558,-0.3346382716508405
1559,-0.3393161840087298
1560,-0.3576896157113485
1561,-0.3602864958427113
1562,-0.3659320745915785
1563,-0.3834027081040424
1564,-0.3884445800252253
1565,-0.3873745075944142
1566,-0.3184723092765132
1567,-0.3234433820734478
1568,-0.3231965535218004
1569,-0.3295513427938318
1570,-0.3563959378866586
1571,-0.3599345831529139
1572,-0.3674570585223729
1573,-0.3744280150084159
1574,-0.3826401845228663
1575,-0.3944130704013564
1576,-0.4048393827953022
1577,-0.4178104313232757
1578,-0.4295002917502051
1579,-0.4570670648651628
1580,-0.461958812819828
1581,-0.4681115221794337
1582,-0.4278121249977942
1583,-0.4303407458247527
1584,-0.4384017969693483
1585,-0.4454266540788496
1586,-0.4223748756268926
1587,-0.4488567830450322
1588,-0.455275849524096
1589,-0.4634408741546376
1590,-0.4728042742560576
1591,-0.4355438455505579
1592,-0.4326961444011334
1593,-0.4285414304431958
1594,-0.4208305265422828
1595,-0.4697884060800097
1596,-0.4174182598266587
1597,-0.4111648575296829
1598,-0.3992307442291891
1599,-0.3954199903535289
1600,-0.3868132147264805
1601,-0.4005269873044772
1602,-0.3924919113118807
1603,-0.3798237212922439
1604,-0.5583515855612961
1605,-0.5901322054013102
1606,-0.5691700957942824
1607,-0.5662458596127416
1608,-0.5680198403577847
1609,-0.5865176851853705
1610,-0.5878240630166756
1611,-0.5981347812588618
1612,-0.6310714730692064
1613,-0.6281616332954077
1614,-0.624474723695284
1615,-0.6151861101895362
1616,-0.6070140116280236
1617,-0.5931597360044077
1618,-0.5852458980015342
1619,-0.576223951987545
1620,-0.6148984295462111
1621,-0.599627596212878
1622,-0.5830297153196208
1623,-0.5752692268138741
1624,-0.5874499232303719
1625,-0.582855099558242
1626,-0.5817350691322789
1627,-0.5888550995582424
1628,-0.5988287614258284
1629,-0.6089184165982429
1630,-0.6141317992400245
1631,-0.5999842763683578
1632,-0.613215310851116
1633,-0.4342640739154695
1634,-0.4308260548559537
1635,-0.4384458897279624
1636,-0.4253275343995643
1637,-0.4151336114482979
1638,-0.4025924973899426
1639,-0.3911376140279693
1640,-0.3721821862719934
1641,-0.3710815292886895
1642,-0.3629626669991986
1643,-0.3534906842405778
1644,-0.354527086732608
1645,-0.3521847717563404
1646,-0.3361839724604288
1647,-0.3326940540719906
1648,-0.3289996324926803
1649,-0.334036414101875
1650,-0.3493222962264152
1651,-0.3738142099661669
1652,-0.3856268536443281
1653,-0.38109486141445
1654,-0.3703006371429487
1655,-0.3751886639628721
1656,-0.3704649834843909
1657,-0.3492996136948837
1658,-0.3421089707351139
1659,-0.3350220589083903
1660,-0.3545412758624129
1661,-0.3307821163796537
1662,-0.3351035273012769
1663,-0.3409612859219675
1664,-0.355198085490933
1665,-0.3701056701194533
1666,-0.3944543590562348
1667,-0.4083197505792234
1668,-0.4250035786971115
1669,-0.4379087511109043
1670,-0.4742760873918616
1671,-0.4830926944377618
1672,-0.497834910100138
1673,-0.5063608323770947
1674,-0.5162521699082611
1675,-0.5520604665727872
1676,-0.5470424479510586
1677,-0.549640301575266
1678,-0.5436403015752664
1679,-0.5460016682549908
1680,-0.5340435401761721
1681,-0.5221248209643505
1682,-0.5303902919211088
1683,-0.5385797170280217
1684,-0.5657319527233606
1685,-0.5685152134669981
1686,-0.6049430433628479
1687,-0.6090589016424995
1688,-0.5832805554155106
1689,-0.5768633925291361
1690,-0.5587671633696111
1691,-0.5373776871137551
1692,-0.5294135637986471
1693,-0.5177347047601358
1694,-0.5033050744367541
1695,-0.4866186807811488
1696,-0.4454296346056495
1697,-0.4274508098747212
1698,-0.4158890305210709
1699,-0.4072611547023082
1700,-0.3937995637553347
1701,-0.4175738766784674
1702,-0.5739055823148059
1703,-0.5659997594020855
1704,-0.5566071037187873
1705,-0.5571953315828779
1706,-0.5738449800187327
1707,-0.5745800081008849
1708,-0.5743695639703145
1709,-0.5584507816032562
1710,-0.5343962660039127
1711,-0.5282190342250954
1712,-0.5175822526159
1713,-0.5149712383428163
1714,-0.5282420227308428
1715,-0.5124425850713539
1716,-0.508493361880752
1717,-0.5088146957193272
1718,-0.5029213632190202
1719,-0.515977708967433
1720,-0.5304218797391895
1721,-0.5302090465953217
1722,-0.5320443565266636
1723,-0.4975345142957551
1724,-0.4975640751563497
1725,-0.5042478236608246
1726,-0.5020788131877594
1727,-0.5021698535650064
1728,-0.4957171863088905
1729,-0.4804919224046611
1730,-0.4657649698552943
1731,-0.2988474522335193
1732,-0.3023559422009399
1733,-0.3033986449645342
1734,-0.308685590777342
1735,-0.3167274626985245
1736,-0.3240392894995618
1737,-0.3331181072335516
1738,-0.3371730838661148
1739,-0.3376444429667844
1740,-0.3189011800600806
1741,-0.2878744052502987
1742,-0.2819985431813332
1743,-0.2804081845558518
1744,-0.2807165348903958
1745,-0.2795586510118218
1746,-0.2783085773307142
1747,-0.2580942246542772
1748,-0.2550109650020526
1749,-0.228347451886815
1750,-0.2204856523635144
1751,-0.2071000986528186
1752,-0.2153602361917895
1753,-0.1891529291310339
1754,-0.1792429643686795
1755,-0.167490438159256
1756,-0.1374570105353731
1757,-0.09437351510360096
1758,-0.09156391746538228
1759,-0.09914246152668433
1760,-0.1081401626761091
1761,-0.1024620461353049
1762,-0.1063448047559945
1763,-0.1036164870966425
1764,-0.09213254421959579
1765,-0.07961488661573834
1766,-0.07036577480800532
1767,-0.06857497021030509
1768,-0.07527719266894947
1769,-0.09229804504881064
1770,-0.107663153953999
1771,-0.1298897549392207
1772,-0.123972274162743
1773,-0.1177454492635042
1774,-0.131777468967938
1775,-0.1223087595823338
1776,-0.1072613830294868
1777,-0.07416039780781209
1778,-0.07648462530445333
1779,-0.07124409971082997
1780,-0.07742308911223232
1781,-0.09562587310984396
1782,-0.09728104552363781
1783,-0.1213645224808696
1784,-0.1305426012986035
1785,-0.1487249379747776
1786,-0.1697464716135534
1787,-0.2055586848612832
1788,-0.2077824831893927
1789,-0.1700489035134329
1790,-0.1615708735785191
1791,-0.1472357718985902
1792,-0.1359121644715353
1793,-0.1331376286625166
1794,-0.1281791895978611
1795,-0.1275268760110644
1796,-0.1262614177145716
1797,-0.1048274937594275
1798,-0.1025187701355848
1799,-0.09898688095197198
1800,-0.2019229673845124
1801,-0.1864877635458784
1802,-0.1661549530870984
1803,-0.1608519974220736
1804,-0.1678295688177411
1805,-0.1807329947022021
1806,-0.175173685489472
1807,-0.1662204835190283
1808,-0.1613376205491412
1809,-0.1646204239526341
1810,-0.1608342482401161
1811,-0.1687581174743307
1812,-0.1751695348220612
1813,-0.1862382764252856
1814,-0.1955090844151894
1815,-0.189017817061854
1816,-0.1706586007938167
1817,-0.1663728865081028
1818,-0.1869413472208295
1819,-0.1927992007683288
1820,-0.2140706419708041
1821,-0.2301900455557245
1822,-0.2336131641859835
1823,-0.2340941535537842
1824,-0.2417125523963208
1825,-0.2456048842024461
1826,-0.2484749508466726
1827,-0.2346723856704697
1828,-0.2298180733161569
1829,-0.1446991918349079
1830,-0.1548276143282804
1831,-0.1809650622898873
1832,-0.2029708094163244
1833,-0.216574518925207
1834,-0.2239083921461247
1835,-0.2247972282237595
1836,-0.2309391648312128
1837,-0.2296115786243167
1838,-0.2332232335930397
1839,-0.2238428879643553
1840,-0.2114567855610117
1841,-0.1642448939299622
1842,-0.142502134312825
1843,-0.1287415097123172
1844,-0.1206970599092475
1845,-0.1452412053877375
1846,-0.1472798751206298
1847,-0.1425272011343522
1848,-0.1255171996415923
1849,-0.1109134901327109
1850,-0.1085120347971946
1851,-0.1059656617657153
1852,-0.09780063713517392
1853,-0.09482172237177655
1854,-0.1098281181419771
1855,-0.1122195738009691
1856,-0.1110932173987505
1857,-0.1045282306613511
1858,-0.1084386807696305
1859,-0.1079612966424045
1860,-0.07546571750889447
1861,-0.09085033289351041
1862,-0.06838148243676507
1863,-0.04551816162017455
1864,-0.05621519623895875
1865,-0.06152965587304687
1866,-0.06039814578638682
1867,-0.06372117359497912
1868,-0.07174055739420302
1869,-0.08038736416833092
1870,-0.1130377244155425
1871,-0.1355828510139867
1872,-0.1424880234277806
1873,-0.1554692347451976
1874,-0.1606714893871077
1875,-0.153348399053878
1876,-0.1462320900754993
1877,-0.16466155716014
1878,-0.1756174288746314
1879,-0.167259732966212
1880,-0.1803479825675944
1881,-0.1745517443230801
1882,-0.1637078296170955
1883,-0.1467542874015075
1884,-0.1322787284776726
1885,-0.1448519483612375
1886,-0.1459932658571327
1887,-0.1630502604403707
1888,-0.1680410627415184
1889,-0.1709810537849577
1890,-0.1809622450075277
1891,-0.1858366048521309
1892,-0.2185544731906897
1893,-0.204960205389526
1894,-0.20565344318621
1895,-0.2216491079450264
1896,-0.2357170523816141
1897,-0.2398267702499519
1898,-0.1543495987038891
1899,-0.161071766432608
1900,-0.1504273557947902
1901,-0.1379129879786966
1902,-0.1344479303312846
1903,-0.1236915446352428
1904,-0.115010176489315
1905,-0.1181243628172027
1906,-0.1493513866608192
1907,-0.1281792324770244
1908,-0.1342969099020471
1909,-0.1325026474919412
1910,-0.1084554462404965
1911,-0.09284706699816494
1912,-0.08826159521120399
1913,-0.09023543140055741
1914,-0.08733432253949276
1915,-0.1016666776977769
1916,-0.09557017118704659
1917,-0.09611957961220464
1918,-0.1007199111301303
1919,-0.1096141720416327
1920,-0.07242727610479869
1921,-0.06700603330787291
1922,-0.06010896118894854
1923,-0.05335147171825706
1924,-0.04374011269188754
1925,-0.03384902064729014
1926,-0.02052971030246225
1927,-0.07483865888570095
1928,-0.07122960959402728
1929,-0.05194535735201656
1930,-0.03152762336186947
1931,-0.01690276073234009
1932,-0.01219372090701479
1933,-0.01136254772968899
1934,-0.01103513241271433
1935,0.03546420939431415
1936,0.02109159212517157
1937,0.01574396991979012
1938,0.02199872235126771
1939,0.01737825564337931
1940,0.009740915570224504
1941,0.001444947689772264
1942,-0.007997268702031828
1943,0.02415655648327677
1944,0.05373714800137965
1945,0.06989622972425541
1946,0.09353471220366216
1947,0.0987899962654864
1948,0.1105859256009697
1949,0.09574660057783697
1950,0.1315588327502752
1951,0.1273077504991927
1952,0.1417742323749731
1953,0.1362427779098969
1954,0.1389237862693532
1955,0.1295764382744782
1956,0.1405820102503943
1957,0.1520678428583673
1958,0.1269543962876959
1959,0.1123204069609306
1960,0.09921649577060137
1961,0.08274880779640672
1962,0.083449867656086
1963,0.09710916214001129
1964,0.1003228009784875
1965,0.1423215626277057
1966,0.1701780930462087
1967,0.1578165470269393
1968,0.1430669973048128
1969,0.130265683675913
1970,0.138856535507635
1971,0.1511075183633006
1972,0.1285725397950698
1973,0.1137990228703055
1974,0.08995411949781607
1975,0.05341691011715869
1976,0.01533363369389653
1977,0.003300072349568854
1978,0.01064749822177032
1979,-0.008464228777001467
1980,-0.009645871760454269